block,config,seed,n_episodes,max_step,best_ma50,final_ma50,mean_return
DR,Salinas_1Q_L1,1,3565,100346,37.34,26.18,27.15
DR,Salinas_1Q_L1,2,4021,100338,31.0,29.64,23.95
DR,Salinas_1Q_L1,3,4147,100340,30.42,27.64,23.2
DR,Salinas_1Q_L1,4,3672,100337,33.18,23.22,26.33
DR,Salinas_1Q_L1,5,3429,100346,38.72,36.32,28.26
DR,Salinas_1Q_L1,6,2863,100343,60.66,40.32,34.05
DR,Salinas_1Q_L1,7,4219,100343,28.12,25.24,22.78
DR,Salinas_1Q_L1,8,4186,100316,34.26,20.58,22.96
DR,Salinas_1Q_L1,9,4328,100340,27.46,22.98,22.18
DR,Salinas_1Q_L1,10,4206,100324,32.78,22.42,22.85
DR,Salinas_1Q_L2,1,3066,100282,50.92,39.4,31.71
DR,Salinas_1Q_L2,2,2683,100348,63.28,56.78,36.4
DR,Salinas_1Q_L2,3,3241,100347,45.48,42.24,29.96
DR,Salinas_1Q_L2,4,2132,100295,67.84,58.66,46.04
DR,Salinas_1Q_L2,5,3800,100340,35.54,30.54,25.41
DR,Salinas_1Q_L2,6,2710,100326,52.8,42.64,36.02
DR,Salinas_1Q_L2,7,2152,100348,58.3,51.24,45.63
DR,Salinas_1Q_L2,8,2849,100319,50.96,48.5,34.21
DR,Salinas_1Q_L2,9,2317,100324,60.82,50.0,42.3
DR,Salinas_1Q_L2,10,2925,100335,50.48,42.3,33.3
DR,Salinas_1Q_L5,1,1993,100316,82.88,55.2,49.33
DR,Salinas_1Q_L5,2,2840,100287,49.18,47.84,34.31
DR,Salinas_1Q_L5,3,1919,100327,101.94,65.88,51.28
DR,Salinas_1Q_L5,4,842,100114,229.3,228.14,117.9
DR,Salinas_1Q_L5,5,2289,100350,59.32,47.14,42.84
DR,Salinas_1Q_L5,6,1768,100348,86.0,66.18,55.76
DR,Salinas_1Q_L5,7,3440,100341,38.56,30.42,28.17
DR,Salinas_1Q_L5,8,1266,100312,185.68,129.52,78.24
DR,Salinas_1Q_L5,9,2568,100352,60.88,48.08,38.08
DR,Salinas_1Q_L5,10,2568,100352,60.88,48.08,38.08
DR,Salinas_2Q_L1,1,3820,100330,43.18,29.04,25.26
DR,Salinas_2Q_L1,2,4185,100347,36.58,36.58,22.98
DR,Salinas_2Q_L1,3,3550,100297,43.12,34.3,27.25
DR,Salinas_2Q_L1,4,2677,100302,60.96,37.6,36.47
DR,Salinas_2Q_L1,5,3437,100278,47.7,31.8,28.18
DR,Salinas_2Q_L1,6,1820,100335,91.1,72.28,54.13
DR,Salinas_2Q_L1,7,3254,100326,55.84,47.26,29.83
DR,Salinas_2Q_L1,8,3160,100335,40.54,27.72,30.75
DR,Salinas_2Q_L1,9,3525,100291,37.68,29.82,27.45
DR,Salinas_2Q_L1,10,4417,100331,29.38,27.64,21.71
DR,Salinas_2Q_L2,1,3304,100333,42.94,35.1,29.37
DR,Salinas_2Q_L2,2,2699,100351,67.4,64.04,36.18
DR,Salinas_2Q_L2,3,3938,100351,38.16,33.62,24.48
DR,Salinas_2Q_L2,4,2547,100333,58.54,43.32,38.39
DR,Salinas_2Q_L2,5,2516,100298,58.94,47.68,38.86
DR,Salinas_2Q_L2,6,2769,100321,57.96,40.86,35.23
DR,Salinas_2Q_L2,7,3175,100333,48.2,40.48,30.6
DR,Salinas_2Q_L2,8,2643,100345,56.7,45.46,36.97
DR,Salinas_2Q_L2,9,3127,100346,47.38,38.86,31.09
DR,Salinas_2Q_L2,10,4233,100344,33.78,25.06,22.71
DR,Salinas_2Q_L5,1,1358,99950,219.28,212.02,72.6
DR,Salinas_2Q_L5,2,1831,100338,102.28,91.32,53.8
DR,Salinas_2Q_L5,3,1382,100288,156.52,135.5,71.57
DR,Salinas_2Q_L5,4,1986,100344,80.52,67.2,49.53
DR,Salinas_2Q_L5,5,1985,100329,64.56,58.12,49.54
DR,Salinas_2Q_L5,6,1581,100296,116.46,98.64,62.44
DR,Salinas_2Q_L5,7,1932,100277,86.5,77.76,50.9
DR,Salinas_2Q_L5,8,2086,100285,76.02,71.1,47.08
DR,Salinas_2Q_L5,9,1573,100301,94.38,73.7,62.76
DR,Salinas_2Q_L5,10,1898,100328,74.6,56.86,51.86
DR,Skolik_4Q_L1,1,4331,100344,27.42,24.88,22.17
DR,Skolik_4Q_L1,2,4169,100346,30.22,27.02,23.07
DR,Skolik_4Q_L1,3,4381,100332,28.68,22.44,21.9
DR,Skolik_4Q_L1,4,4279,100352,27.38,21.94,22.45
DR,Skolik_4Q_L1,5,4348,100341,28.38,22.02,22.08
DR,Skolik_4Q_L1,6,4228,100340,28.5,21.76,22.73
DR,Skolik_4Q_L1,7,4223,100352,30.38,23.06,22.76
DR,Skolik_4Q_L1,8,4545,100337,26.52,20.88,21.08
DR,Skolik_4Q_L1,9,4332,100334,26.6,21.98,22.16
DR,Skolik_4Q_L1,10,4418,100342,27.76,21.44,21.71
DR,Skolik_4Q_L2,1,3161,100343,55.52,42.56,30.74
DR,Skolik_4Q_L2,2,1572,99882,208.12,185.1,62.54
DR,Skolik_4Q_L2,3,3017,100350,50.98,45.08,32.26
DR,Skolik_4Q_L2,4,3988,100352,32.64,22.84,24.16
DR,Skolik_4Q_L2,5,2964,100303,56.74,52.98,32.84
DR,Skolik_4Q_L2,6,2124,100334,95.9,83.5,46.24
DR,Skolik_4Q_L2,7,4115,100315,33.4,27.42,23.38
DR,Skolik_4Q_L2,8,2649,100328,69.46,56.92,36.87
DR,Skolik_4Q_L2,9,3113,100317,58.86,49.9,31.23
DR,Skolik_4Q_L2,10,2551,100299,83.84,77.56,38.32
DR,Skolik_4Q_L5,1,1391,100352,135.28,120.64,71.14
DR,Skolik_4Q_L5,2,1605,100262,111.38,111.38,61.47
DR,Skolik_4Q_L5,3,1228,100241,165.0,147.3,80.63
DR,Skolik_4Q_L5,4,1616,100265,121.28,116.1,61.05
DR,Skolik_4Q_L5,5,883,99874,330.84,321.24,112.11
DR,Skolik_4Q_L5,6,1074,100080,237.8,227.02,92.19
DR,Skolik_4Q_L5,7,1186,100221,165.72,150.82,83.5
DR,Skolik_4Q_L5,8,1075,100238,208.48,201.12,92.25
DR,Skolik_4Q_L5,9,1639,100309,111.18,84.16,60.2
DR,Skolik_4Q_L5,10,1479,100348,166.78,142.72,66.85
DR,Skolik_8Q_L1,1,4388,100344,27.32,22.16,21.87
DR,Skolik_8Q_L1,2,4043,100325,31.06,25.3,23.81
DR,Skolik_8Q_L1,3,8578,100323,34.28,21.76,22.39
DR,Skolik_8Q_L1,4,8722,100338,31.4,18.36,22.01
DR,Skolik_8Q_L1,5,8440,100341,29.88,24.88,22.78
DR,Skolik_8Q_L1,6,8604,100345,34.12,21.08,22.33
DR,Skolik_8Q_L1,7,8646,100348,31.4,21.2,22.21
DR,Skolik_8Q_L1,8,8552,100327,31.88,25.44,22.46
DR,Skolik_8Q_L1,9,8438,100339,35.96,25.64,22.78
DR,Skolik_8Q_L1,10,7998,100341,34.92,23.52,24.09
DR,Skolik_8Q_L2,1,1973,100336,125.0,116.98,49.86
DR,Skolik_8Q_L2,2,1280,100216,173.28,159.78,77.29
DR,Skolik_8Q_L2,3,2276,100230,130.38,120.48,43.04
DR,Skolik_8Q_L2,4,1607,100277,172.04,144.86,61.4
DR,Skolik_8Q_L2,5,1339,100126,213.36,194.06,73.78
DR,Skolik_8Q_L2,6,2114,100348,112.16,99.26,46.47
DR,Skolik_8Q_L2,7,2424,100251,79.08,73.98,40.36
DR,Skolik_8Q_L2,8,1864,100261,133.8,132.14,52.79
DR,Skolik_8Q_L2,9,1185,100286,166.68,151.88,83.63
DR,Skolik_8Q_L2,10,1364,100279,134.3,124.4,72.52
DR,Skolik_8Q_L5,1,1043,100338,344.54,327.36,95.2
DR,Skolik_8Q_L5,2,1255,100309,180.76,178.08,78.93
DR,Skolik_8Q_L5,3,1342,100226,201.22,201.22,73.68
DR,Skolik_8Q_L5,4,1198,100238,229.26,213.62,82.67
DR,Skolik_8Q_L5,5,1562,100334,180.06,177.76,63.23
DR,Skolik_8Q_L5,6,1776,100319,129.94,117.92,55.49
DR,Skolik_8Q_L5,7,1458,100106,143.02,111.6,67.66
DR,Skolik_8Q_L5,8,1072,100132,228.82,219.32,92.41
DR,Skolik_8Q_L5,9,1093,100219,171.7,155.72,90.69
DR,Skolik_8Q_L5,10,1307,100222,183.92,179.54,75.68
Entanglement,Hsiao_DR_L1_Entangled,1,4220,100349,29.34,24.52,22.78
Entanglement,Hsiao_DR_L1_Entangled,2,4061,100345,30.64,25.52,23.71
Entanglement,Hsiao_DR_L1_Entangled,3,4252,100323,28.36,21.84,22.59
Entanglement,Hsiao_DR_L1_Entangled,4,4283,100341,31.18,21.16,22.43
Entanglement,Hsiao_DR_L1_Entangled,5,4253,100350,28.94,22.68,22.6
Entanglement,Hsiao_DR_L1_Entangled,6,4257,100341,28.4,20.78,22.57
Entanglement,Hsiao_DR_L1_Entangled,7,4252,100352,28.36,21.5,22.6
Entanglement,Hsiao_DR_L1_Entangled,8,4258,100352,28.78,22.76,22.57
Entanglement,Hsiao_DR_L1_Entangled,9,4236,100339,27.74,25.62,22.69
Entanglement,Hsiao_DR_L1_Entangled,10,4298,100350,27.74,22.38,22.35
Entanglement,Hsiao_DR_L1_Unentangled,1,2755,100317,53.04,38.34,35.41
Entanglement,Hsiao_DR_L1_Unentangled,2,2322,100255,61.02,49.44,42.18
Entanglement,Hsiao_DR_L1_Unentangled,3,2926,100347,47.72,43.78,33.3
Entanglement,Hsiao_DR_L1_Unentangled,4,2152,100341,60.7,57.28,45.63
Entanglement,Hsiao_DR_L1_Unentangled,5,2345,100305,60.56,50.76,41.77
Entanglement,Hsiao_DR_L1_Unentangled,6,2532,100309,52.4,45.58,38.62
Entanglement,Hsiao_DR_L1_Unentangled,7,2837,100350,46.8,45.0,34.37
Entanglement,Hsiao_DR_L1_Unentangled,8,2240,100331,57.36,49.4,43.79
Entanglement,Hsiao_DR_L1_Unentangled,9,2478,100337,52.08,47.08,39.49
Entanglement,Hsiao_DR_L1_Unentangled,10,2483,100311,59.86,39.24,39.4
Entanglement,Hsiao_DR_L2_Entangled,1,4217,100336,27.96,22.34,22.79
Entanglement,Hsiao_DR_L2_Entangled,2,4307,100326,28.54,25.92,22.29
Entanglement,Hsiao_DR_L2_Entangled,3,4093,100303,29.52,26.82,23.51
Entanglement,Hsiao_DR_L2_Entangled,4,4084,100350,31.2,23.86,23.57
Entanglement,Hsiao_DR_L2_Entangled,5,4141,100340,30.66,23.8,23.23
Entanglement,Hsiao_DR_L2_Entangled,6,3942,100350,31.88,22.74,24.46
Entanglement,Hsiao_DR_L2_Entangled,7,4205,100333,28.92,27.08,22.86
Entanglement,Hsiao_DR_L2_Entangled,8,4271,100338,28.12,20.4,22.49
Entanglement,Hsiao_DR_L2_Entangled,9,4262,100339,29.56,22.98,22.54
Entanglement,Hsiao_DR_L2_Entangled,10,4340,100300,29.64,22.48,22.11
Entanglement,Hsiao_DR_L2_Unentangled,1,2032,100256,66.02,55.7,48.34
Entanglement,Hsiao_DR_L2_Unentangled,2,2373,100298,58.12,53.24,41.27
Entanglement,Hsiao_DR_L2_Unentangled,3,2496,100307,57.16,51.88,39.19
Entanglement,Hsiao_DR_L2_Unentangled,4,2028,100334,63.7,55.02,48.47
Entanglement,Hsiao_DR_L2_Unentangled,5,2301,100320,61.86,56.2,42.6
Entanglement,Hsiao_DR_L2_Unentangled,6,2217,100307,58.1,53.2,44.24
Entanglement,Hsiao_DR_L2_Unentangled,7,2136,100331,68.32,57.26,45.97
Entanglement,Hsiao_DR_L2_Unentangled,8,2175,100337,76.4,64.44,45.13
Entanglement,Hsiao_DR_L2_Unentangled,9,1909,100330,73.48,67.66,51.56
Entanglement,Hsiao_DR_L2_Unentangled,10,2324,100340,65.76,58.96,42.18
Entanglement,Hsiao_DR_L5_Entangled,1,2258,100324,55.08,46.18,43.43
Entanglement,Hsiao_DR_L5_Entangled,2,2514,100312,55.42,51.5,38.9
Entanglement,Hsiao_DR_L5_Entangled,3,2321,100332,55.24,49.22,42.23
Entanglement,Hsiao_DR_L5_Entangled,4,2454,100242,55.14,42.74,39.85
Entanglement,Hsiao_DR_L5_Entangled,5,2293,100292,58.26,46.92,42.74
Entanglement,Hsiao_DR_L5_Entangled,6,2489,100272,53.64,41.82,39.29
Entanglement,Hsiao_DR_L5_Entangled,7,2417,100328,55.5,51.58,40.51
Entanglement,Hsiao_DR_L5_Entangled,8,2250,100349,58.22,53.5,43.6
Entanglement,Hsiao_DR_L5_Entangled,9,2285,100350,58.0,49.02,42.92
Entanglement,Hsiao_DR_L5_Entangled,10,2992,100301,47.44,35.86,32.52
Entanglement,Hsiao_DR_L5_Unentangled,1,1932,100319,92.24,71.36,50.93
Entanglement,Hsiao_DR_L5_Unentangled,2,2277,100308,75.16,58.62,43.05
Entanglement,Hsiao_DR_L5_Unentangled,3,1787,100294,92.74,69.72,55.12
Entanglement,Hsiao_DR_L5_Unentangled,4,2016,100336,90.4,78.1,48.77
Entanglement,Hsiao_DR_L5_Unentangled,5,1432,100268,140.38,135.72,69.02
Entanglement,Hsiao_DR_L5_Unentangled,6,1459,100311,131.78,104.72,67.75
Entanglement,Hsiao_DR_L5_Unentangled,7,1295,100303,156.68,148.32,76.45
Entanglement,Hsiao_DR_L5_Unentangled,8,1435,100325,147.92,145.56,68.91
Entanglement,Hsiao_DR_L5_Unentangled,9,1276,100296,188.84,145.48,77.6
Entanglement,Hsiao_DR_L5_Unentangled,10,1430,100257,152.6,142.12,69.11
Entanglement,Hsiao_OR_r16_Entangled,1,3419,100337,36.94,29.78,28.35
Entanglement,Hsiao_OR_r16_Entangled,2,3630,100278,34.96,29.98,26.63
Entanglement,Hsiao_OR_r16_Entangled,3,3833,100348,34.84,28.08,25.18
Entanglement,Hsiao_OR_r16_Entangled,4,3644,100328,36.46,28.18,26.53
Entanglement,Hsiao_OR_r16_Entangled,5,3914,100330,32.8,24.5,24.63
Entanglement,Hsiao_OR_r16_Entangled,6,3474,100304,38.82,29.76,27.87
Entanglement,Hsiao_OR_r16_Entangled,7,3491,100336,36.88,31.68,27.74
Entanglement,Hsiao_OR_r16_Entangled,8,4004,100338,30.7,21.74,24.06
Entanglement,Hsiao_OR_r16_Entangled,9,3820,100350,34.7,26.34,25.27
Entanglement,Hsiao_OR_r16_Entangled,10,3609,100298,37.24,27.9,26.79
Entanglement,Hsiao_OR_r16_Unentangled,1,558,100082,421.76,403.22,178.36
Entanglement,Hsiao_OR_r16_Unentangled,2,1104,100253,234.68,220.3,89.81
Entanglement,Hsiao_OR_r16_Unentangled,3,1298,100144,156.94,151.94,76.15
Entanglement,Hsiao_OR_r16_Unentangled,4,600,100196,476.74,476.74,166.0
Entanglement,Hsiao_OR_r16_Unentangled,5,773,100288,415.68,407.28,128.74
Entanglement,Hsiao_OR_r16_Unentangled,6,666,100015,486.42,473.94,149.17
Entanglement,Hsiao_OR_r16_Unentangled,7,762,99890,383.12,383.12,130.09
Entanglement,Hsiao_OR_r16_Unentangled,8,605,100169,455.4,446.86,164.57
Entanglement,Hsiao_OR_r16_Unentangled,9,880,100244,347.6,333.56,112.91
Entanglement,Hsiao_OR_r16_Unentangled,10,1067,100278,169.92,166.4,92.98
Entanglement,Hsiao_OR_r4_Entangled,1,3964,100350,32.86,23.06,24.32
Entanglement,Hsiao_OR_r4_Entangled,2,4018,100347,33.44,26.12,23.97
Entanglement,Hsiao_OR_r4_Entangled,3,4042,100316,34.44,29.0,23.82
Entanglement,Hsiao_OR_r4_Entangled,4,4047,100352,29.34,23.12,23.8
Entanglement,Hsiao_OR_r4_Entangled,5,4136,100338,30.38,26.58,23.26
Entanglement,Hsiao_OR_r4_Entangled,6,3880,100333,33.94,27.02,24.86
Entanglement,Hsiao_OR_r4_Entangled,7,3917,100318,31.84,25.4,24.61
Entanglement,Hsiao_OR_r4_Entangled,8,4029,100343,31.8,21.8,23.91
Entanglement,Hsiao_OR_r4_Entangled,9,4224,100333,28.54,25.88,22.75
Entanglement,Hsiao_OR_r4_Entangled,10,4044,100348,31.88,20.8,23.81
Entanglement,Hsiao_OR_r4_Unentangled,1,1790,100344,104.08,93.5,55.06
Entanglement,Hsiao_OR_r4_Unentangled,2,1593,100335,107.88,97.06,61.99
Entanglement,Hsiao_OR_r4_Unentangled,3,1837,100292,109.4,98.26,53.6
Entanglement,Hsiao_OR_r4_Unentangled,4,1875,100257,79.3,70.02,52.47
Entanglement,Hsiao_OR_r4_Unentangled,5,1775,100264,99.32,98.3,55.49
Entanglement,Hsiao_OR_r4_Unentangled,6,1190,100283,174.42,150.06,83.27
Entanglement,Hsiao_OR_r4_Unentangled,7,1459,100290,114.02,86.94,67.74
Entanglement,Hsiao_OR_r4_Unentangled,8,1594,100349,123.16,112.74,61.95
Entanglement,Hsiao_OR_r4_Unentangled,9,1701,100314,95.44,86.44,57.97
Entanglement,Hsiao_OR_r4_Unentangled,10,1264,100159,157.94,142.86,78.24
Entanglement,Skolik_DR_L1_Entangled,1,4331,100344,27.42,24.88,22.17
Entanglement,Skolik_DR_L1_Entangled,2,4169,100346,30.22,27.02,23.07
Entanglement,Skolik_DR_L1_Entangled,3,4381,100332,28.68,22.44,21.9
Entanglement,Skolik_DR_L1_Entangled,4,4279,100352,27.38,21.94,22.45
Entanglement,Skolik_DR_L1_Entangled,5,4348,100341,28.38,22.02,22.08
Entanglement,Skolik_DR_L1_Entangled,6,4228,100340,28.5,21.76,22.73
Entanglement,Skolik_DR_L1_Entangled,7,4223,100352,30.38,23.06,22.76
Entanglement,Skolik_DR_L1_Entangled,8,4545,100337,26.52,20.88,21.08
Entanglement,Skolik_DR_L1_Entangled,9,4332,100334,26.6,21.98,22.16
Entanglement,Skolik_DR_L1_Entangled,10,4418,100342,27.76,21.44,21.71
Entanglement,Skolik_DR_L1_Unentangled,1,4331,100344,27.42,24.88,22.17
Entanglement,Skolik_DR_L1_Unentangled,2,4169,100346,30.22,27.02,23.07
Entanglement,Skolik_DR_L1_Unentangled,3,4381,100332,28.68,22.44,21.9
Entanglement,Skolik_DR_L1_Unentangled,4,4279,100352,27.38,21.94,22.45
Entanglement,Skolik_DR_L1_Unentangled,5,4348,100341,28.38,22.02,22.08
Entanglement,Skolik_DR_L1_Unentangled,6,4228,100340,28.5,21.76,22.73
Entanglement,Skolik_DR_L1_Unentangled,7,4223,100352,30.38,23.06,22.76
Entanglement,Skolik_DR_L1_Unentangled,8,4545,100337,26.52,20.88,21.08
Entanglement,Skolik_DR_L1_Unentangled,9,4332,100334,26.6,21.98,22.16
Entanglement,Skolik_DR_L1_Unentangled,10,4418,100342,27.76,21.44,21.71
Entanglement,Skolik_DR_L2_Entangled,1,3161,100343,55.52,42.56,30.74
Entanglement,Skolik_DR_L2_Entangled,2,1572,99882,208.12,185.1,62.54
Entanglement,Skolik_DR_L2_Entangled,3,3017,100350,50.98,45.08,32.26
Entanglement,Skolik_DR_L2_Entangled,4,3988,100352,32.64,22.84,24.16
Entanglement,Skolik_DR_L2_Entangled,5,2964,100303,56.74,52.98,32.84
Entanglement,Skolik_DR_L2_Entangled,6,2124,100334,95.9,83.5,46.24
Entanglement,Skolik_DR_L2_Entangled,7,4115,100315,33.4,27.42,23.38
Entanglement,Skolik_DR_L2_Entangled,8,2649,100328,69.46,56.92,36.87
Entanglement,Skolik_DR_L2_Entangled,9,3113,100317,58.86,49.9,31.23
Entanglement,Skolik_DR_L2_Entangled,10,2551,100299,83.84,77.56,38.32
Entanglement,Skolik_DR_L2_Unentangled,1,1469,100296,137.24,126.56,67.28
Entanglement,Skolik_DR_L2_Unentangled,2,685,100045,298.28,298.28,145.05
Entanglement,Skolik_DR_L2_Unentangled,3,1734,100221,119.1,106.34,56.8
Entanglement,Skolik_DR_L2_Unentangled,4,651,100139,329.78,284.8,152.82
Entanglement,Skolik_DR_L2_Unentangled,5,2025,100320,102.98,93.28,48.54
Entanglement,Skolik_DR_L2_Unentangled,6,1078,100277,245.32,227.48,92.02
Entanglement,Skolik_DR_L2_Unentangled,7,1343,100333,137.36,137.36,73.71
Entanglement,Skolik_DR_L2_Unentangled,8,1689,100343,148.7,146.34,58.41
Entanglement,Skolik_DR_L2_Unentangled,9,1532,100250,146.9,134.86,64.44
Entanglement,Skolik_DR_L2_Unentangled,10,1841,100288,100.54,96.44,53.48
Entanglement,Skolik_DR_L5_Entangled,1,1391,100352,135.28,120.64,71.14
Entanglement,Skolik_DR_L5_Entangled,2,1391,100352,135.28,120.64,71.14
Entanglement,Skolik_DR_L5_Entangled,3,1228,100241,165.0,147.3,80.63
Entanglement,Skolik_DR_L5_Entangled,4,1616,100265,121.28,116.1,61.05
Entanglement,Skolik_DR_L5_Entangled,5,883,99874,330.84,321.24,112.11
Entanglement,Skolik_DR_L5_Entangled,6,1074,100080,237.8,227.02,92.19
Entanglement,Skolik_DR_L5_Entangled,7,1186,100221,165.72,150.82,83.5
Entanglement,Skolik_DR_L5_Entangled,8,1075,100238,208.48,201.12,92.25
Entanglement,Skolik_DR_L5_Entangled,9,1639,100309,111.18,84.16,60.2
Entanglement,Skolik_DR_L5_Entangled,10,1479,100348,166.78,142.72,66.85
Entanglement,Skolik_DR_L5_Unentangled,1,1127,100221,188.36,170.82,87.93
Entanglement,Skolik_DR_L5_Unentangled,2,2099,100324,90.7,88.74,46.8
Entanglement,Skolik_DR_L5_Unentangled,3,1354,100243,198.66,187.2,73.04
Entanglement,Skolik_DR_L5_Unentangled,4,1845,100291,137.1,126.02,53.36
Entanglement,Skolik_DR_L5_Unentangled,5,1513,100323,174.24,166.44,65.31
Entanglement,Skolik_DR_L5_Unentangled,6,1666,100233,126.92,120.94,59.16
Entanglement,Skolik_DR_L5_Unentangled,7,1641,100319,129.16,105.38,60.13
Entanglement,Skolik_DR_L5_Unentangled,8,2474,100239,88.98,71.26,39.52
Entanglement,Skolik_DR_L5_Unentangled,9,1033,100322,235.94,206.12,96.12
Entanglement,Skolik_DR_L5_Unentangled,10,1823,100351,102.0,86.66,54.05
OR,Classical_r16,1,502,100198,370.26,202.4,198.6
OR,Classical_r16,2,478,100087,358.14,272.5,208.39
OR,Classical_r16,3,518,100245,373.26,234.3,192.53
OR,Classical_r16,4,593,100332,315.94,174.92,168.2
OR,Classical_r16,5,554,100201,362.72,189.46,179.87
OR,Classical_r16,6,434,100158,432.74,322.02,229.78
OR,Classical_r16,7,448,99973,415.84,313.1,222.16
OR,Classical_r16,8,466,100062,431.96,277.88,213.73
OR,Classical_r16,9,520,100327,397.64,193.8,191.94
OR,Classical_r16,10,471,100342,358.48,281.58,212.04
OR,Classical_r32,1,620,100293,328.14,156.56,160.76
OR,Classical_r32,2,562,100343,313.34,184.64,177.55
OR,Classical_r32,3,576,100321,384.64,166.4,173.17
OR,Classical_r32,4,684,100336,226.68,160.66,145.69
OR,Classical_r32,5,580,100329,320.48,157.88,171.98
OR,Classical_r32,6,580,100328,334.06,175.28,171.98
OR,Classical_r32,7,569,100278,340.26,167.96,175.24
OR,Classical_r32,8,624,100352,256.66,146.58,159.82
OR,Classical_r32,9,349,100018,458.86,417.72,285.59
OR,Classical_r32,10,605,100265,338.9,146.56,164.73
OR,Classical_r4,1,890,100338,250.94,246.7,111.74
OR,Classical_r4,2,921,100177,275.94,269.86,107.77
OR,Classical_r4,3,858,100129,287.84,259.56,115.7
OR,Classical_r4,4,863,100269,253.44,230.1,115.19
OR,Classical_r4,5,865,100200,281.96,266.12,114.84
OR,Classical_r4,6,885,100347,265.72,255.24,112.39
OR,Classical_r4,7,960,100258,246.92,233.44,103.44
OR,Classical_r4,8,930,100160,237.24,228.0,106.7
OR,Classical_r4,9,831,100331,287.7,216.9,119.74
OR,Classical_r4,10,903,100220,251.72,221.36,109.99
OR,Classical_r8,1,633,100266,285.92,241.56,157.4
OR,Classical_r8,2,630,100119,328.46,240.8,157.92
OR,Classical_r8,3,620,100251,312.74,301.62,160.7
OR,Classical_r8,4,606,100096,337.42,320.64,164.18
OR,Classical_r8,5,598,100244,348.6,280.74,166.63
OR,Classical_r8,6,619,100281,293.52,251.26,161.01
OR,Classical_r8,7,654,100238,294.62,290.92,152.27
OR,Classical_r8,8,579,100084,390.28,350.4,171.86
OR,Classical_r8,9,641,100324,340.74,228.7,155.51
OR,Classical_r8,10,704,100307,267.72,237.26,141.48
OR,Quantum_r16,1,558,100082,421.76,403.22,178.36
OR,Quantum_r16,2,1104,100253,234.68,220.3,89.81
OR,Quantum_r16,3,1298,100144,156.94,151.94,76.15
OR,Quantum_r16,4,600,100196,476.74,476.74,166.0
OR,Quantum_r16,5,773,100288,415.68,407.28,128.74
OR,Quantum_r16,6,666,100015,486.42,473.94,149.17
OR,Quantum_r16,7,762,99890,383.12,383.12,130.09
OR,Quantum_r16,8,605,100169,455.4,446.86,164.57
OR,Quantum_r16,9,880,100244,347.6,333.56,112.91
OR,Quantum_r16,10,1067,100278,169.92,166.4,92.98
OR,Quantum_r32,1,391,99872,482.42,471.44,254.43
OR,Quantum_r32,2,466,99919,492.32,487.42,213.42
OR,Quantum_r32,3,531,100269,488.14,479.74,187.83
OR,Quantum_r32,4,449,100280,480.12,469.24,222.34
OR,Quantum_r32,5,794,100121,367.92,89.52,125.1
OR,Quantum_r32,6,1246,100291,118.32,103.8,79.49
OR,Quantum_r32,7,395,100138,466.9,300.78,252.52
OR,Quantum_r32,8,715,100290,450.56,438.94,139.27
OR,Quantum_r32,9,667,100311,484.58,475.5,149.39
OR,Quantum_r32,10,571,100250,474.12,342.6,174.57
OR,Quantum_r4,1,1790,100344,104.08,93.5,55.06
OR,Quantum_r4,2,1593,100335,107.88,97.06,61.99
OR,Quantum_r4,3,1837,100292,109.4,98.26,53.6
OR,Quantum_r4,4,1875,100257,79.3,70.02,52.47
OR,Quantum_r4,5,1775,100264,99.32,98.3,55.49
OR,Quantum_r4,6,1190,100283,174.42,150.06,83.27
OR,Quantum_r4,7,1459,100290,114.02,86.94,67.74
OR,Quantum_r4,8,1594,100349,123.16,112.74,61.95
OR,Quantum_r4,9,1701,100314,95.44,86.44,57.97
OR,Quantum_r4,10,1264,100159,157.94,142.86,78.24
OR,Quantum_r8,1,1189,100273,190.3,153.54,83.33
OR,Quantum_r8,2,982,100308,315.96,313.6,101.15
OR,Quantum_r8,3,1199,100340,159.42,158.5,82.69
OR,Quantum_r8,4,1722,100349,92.62,84.98,57.28
OR,Quantum_r8,5,1156,100298,221.3,199.16,85.76
OR,Quantum_r8,6,1319,100212,188.08,170.2,74.98
OR,Quantum_r8,7,859,100005,383.88,360.0,115.42
OR,Quantum_r8,8,1324,100097,167.88,160.86,74.6
OR,Quantum_r8,9,1221,100035,277.24,217.78,80.93
OR,Quantum_r8,10,1011,100348,303.44,283.28,98.26
